Time,Unix Time,CPU Utilization (%),RAM Utilization (MB)
2023-09-13 05:35:44,1694576144,0.0,80.5156
2023-09-13 05:35:45,1694576145,0.1,80.5312
2023-09-13 05:35:46,1694576146,0.0,80.5312
2023-09-13 05:35:47,1694576147,0.0,80.5469
2023-09-13 05:35:48,1694576148,0.0,80.5469
2023-09-13 05:35:49,1694576149,14.2,92.5312
2023-09-13 05:35:50,1694576150,1.5,92.7188
2023-09-13 05:35:51,1694576151,1.4,93.5938
2023-09-13 05:35:52,1694576152,0.3,93.7656
2023-09-13 05:35:53,1694576153,0.2,93.9688
2023-09-13 05:35:54,1694576154,0.1,94.3594
2023-09-13 05:35:56,1694576156,7.1,94.6094
2023-09-13 05:35:57,1694576157,5.5,94.7656
2023-09-13 05:35:58,1694576158,9.0,97.6719
2023-09-13 05:35:59,1694576159,6.5,97.875
2023-09-13 05:36:00,1694576160,5.4,98.6406
2023-09-13 05:36:01,1694576161,1.6,99.0625
2023-09-13 05:36:02,1694576162,1.9,99.2031
2023-09-13 05:36:03,1694576163,0.7,99.3594
2023-09-13 05:36:04,1694576164,0.1,99.5
2023-09-13 05:36:05,1694576165,0.1,99.9531
2023-09-13 05:36:06,1694576166,0.3,102.719
2023-09-13 05:36:08,1694576168,0.1,103.516
2023-09-13 05:36:09,1694576169,7.7,103.844
2023-09-13 05:36:10,1694576170,3.5,104.453
2023-09-13 05:36:11,1694576171,6.0,104.766
2023-09-13 05:36:12,1694576172,5.4,105.047
2023-09-13 05:36:13,1694576173,5.7,107.547
2023-09-13 05:36:14,1694576174,1.2,107.953
2023-09-13 05:36:15,1694576175,2.6,108.656
2023-09-13 05:36:16,1694576176,1.1,109.469
2023-09-13 05:36:17,1694576177,1.8,110.406
2023-09-13 05:36:18,1694576178,1.0,111.234
2023-09-13 05:36:19,1694576179,0.8,112.094
2023-09-13 05:36:20,1694576180,1.1,115.422
2023-09-13 05:36:22,1694576182,0.3,116.266
2023-09-13 05:36:23,1694576183,4.4,117.656
2023-09-13 05:36:24,1694576184,8.9,121.156
2023-09-13 05:36:25,1694576185,6.0,122
2023-09-13 05:36:26,1694576186,3.8,122.859
2023-09-13 05:36:27,1694576187,4.2,123.734
2023-09-13 05:36:28,1694576188,3.9,124.984
2023-09-13 05:36:29,1694576189,1.5,125.844
2023-09-13 05:36:30,1694576190,2.1,126.781
2023-09-13 05:36:31,1694576191,1.9,127.641
2023-09-13 05:36:32,1694576192,1.0,128.5
2023-09-13 05:36:33,1694576193,0.2,129.312
2023-09-13 05:36:34,1694576194,0.4,130.234
2023-09-13 05:36:36,1694576196,0.6,131.766
2023-09-13 05:36:37,1694576197,2.7,133.656
2023-09-13 05:36:38,1694576198,2.1,134.531
2023-09-13 05:36:39,1694576199,19.7,135.734
2023-09-13 05:36:40,1694576200,5.3,136.672
2023-09-13 05:36:41,1694576201,3.6,137.609
2023-09-13 05:36:42,1694576202,1.8,138.5
2023-09-13 05:36:43,1694576203,1.5,139.891
2023-09-13 05:36:44,1694576204,0.7,140.766
2023-09-13 05:36:45,1694576205,1.0,141.656
2023-09-13 05:36:46,1694576206,0.3,142.562
2023-09-13 05:36:47,1694576207,2.2,145.688
2023-09-13 05:36:48,1694576209,0.6,146.609
2023-09-13 05:36:50,1694576210,0.3,147.547
2023-09-13 05:36:51,1694576211,0.4,148.859
2023-09-13 05:36:52,1694576212,1.3,150.328
2023-09-13 05:36:53,1694576213,17.6,151.641
2023-09-13 05:36:54,1694576214,5.4,152.547
2023-09-13 05:36:55,1694576215,12.8,153.656
2023-09-13 05:36:56,1694576216,2.0,154.609
2023-09-13 05:36:57,1694576217,0.4,155.578
2023-09-13 05:36:58,1694576218,0.8,156.516
2023-09-13 05:36:59,1694576219,1.2,157.453
2023-09-13 05:37:00,1694576220,1.2,158.641
2023-09-13 05:37:01,1694576221,0.5,159.609
2023-09-13 05:37:03,1694576223,0.3,160.562
2023-09-13 05:37:04,1694576224,1.4,166.219
2023-09-13 05:37:05,1694576225,0.7,167.188
2023-09-13 05:37:06,1694576226,0.4,168.828
2023-09-13 05:37:07,1694576227,5.9,170.156
2023-09-13 05:37:08,1694576228,5.9,171.219
2023-09-13 05:37:09,1694576229,16.2,172.766
2023-09-13 05:37:10,1694576230,4.0,173.812
2023-09-13 05:37:11,1694576231,2.9,174.812
2023-09-13 05:37:12,1694576232,1.1,175.844
2023-09-13 05:37:13,1694576233,2.0,177.203
2023-09-13 05:37:14,1694576234,0.8,178.328
2023-09-13 05:37:16,1694576236,0.4,179.391
2023-09-13 05:37:17,1694576237,0.5,180.406
2023-09-13 05:37:18,1694576238,0.6,181.469
2023-09-13 05:37:19,1694576239,0.5,182.516
2023-09-13 05:37:20,1694576240,0.5,184.141
2023-09-13 05:37:21,1694576241,2.6,185.203
2023-09-13 05:37:22,1694576242,6.3,186.375
2023-09-13 05:37:23,1694576243,4.9,187.531
2023-09-13 05:37:24,1694576244,7.0,188.688
2023-09-13 05:37:25,1694576245,9.1,199.109
2023-09-13 05:37:26,1694576246,9.9,200.078
2023-09-13 05:37:27,1694576247,0.7,200.312
2023-09-13 05:37:29,1694576249,1.7,200.406
2023-09-13 05:37:30,1694576250,0.4,200.516
2023-09-13 05:37:31,1694576251,5.2,201.906
2023-09-13 05:37:32,1694576252,0.3,202.062
2023-09-13 05:37:33,1694576253,0.4,202.156
2023-09-13 05:37:34,1694576254,2.1,217.203
2023-09-13 05:37:35,1694576255,3.9,217.828
2023-09-13 05:37:36,1694576256,3.9,218.531
2023-09-13 05:37:37,1694576257,7.4,218.922
2023-09-13 05:37:38,1694576258,2.0,219.109
2023-09-13 05:37:39,1694576259,1.5,219.484
2023-09-13 05:37:40,1694576260,0.7,219.859
2023-09-13 05:37:41,1694576261,0.5,220.375
2023-09-13 05:37:43,1694576263,0.6,220.688
2023-09-13 05:37:44,1694576264,0.5,221.188
2023-09-13 05:37:45,1694576265,0.4,221.516
2023-09-13 05:37:46,1694576266,0.6,221.828
2023-09-13 05:37:47,1694576267,0.6,222.156
2023-09-13 05:37:48,1694576268,0.5,222.766
2023-09-13 05:37:49,1694576269,4.3,223.078
2023-09-13 05:37:50,1694576270,3.3,223.359
2023-09-13 05:37:51,1694576271,3.0,223.594
2023-09-13 05:37:52,1694576272,2.0,223.828
2023-09-13 05:37:53,1694576273,5.1,224.094
2023-09-13 05:37:54,1694576274,1.8,224.391
2023-09-13 05:37:56,1694576276,2.6,225.25
2023-09-13 05:37:57,1694576277,1.0,225.531
2023-09-13 05:37:58,1694576278,3.3,225.688
2023-09-13 05:37:59,1694576279,1.7,225.938
2023-09-13 05:38:00,1694576280,1.6,226.375
2023-09-13 05:38:01,1694576281,1.2,227.172
2023-09-13 05:38:02,1694576282,0.5,227.688
2023-09-13 05:38:03,1694576283,4.3,228.156
2023-09-13 05:38:04,1694576284,1.0,228.531
2023-09-13 05:38:05,1694576285,1.3,228.844
2023-09-13 05:38:06,1694576286,1.3,229.203
2023-09-13 05:38:07,1694576287,1.7,229.453
2023-09-13 05:38:08,1694576289,1.0,229.75
2023-09-13 05:38:10,1694576290,0.8,229.906
2023-09-13 05:38:11,1694576291,1.0,230.422
2023-09-13 05:38:12,1694576292,0.5,230.891
2023-09-13 05:38:13,1694576293,1.2,231.203
2023-09-13 05:38:14,1694576294,0.7,231.5
2023-09-13 05:38:15,1694576295,1.1,231.703
2023-09-13 05:38:16,1694576296,0.5,232.234
2023-09-13 05:38:17,1694576297,2.6,232.766
2023-09-13 05:38:18,1694576298,6.7,232.984
2023-09-13 05:38:19,1694576299,4.3,233.266
2023-09-13 05:38:20,1694576300,5.2,233.547
2023-09-13 05:38:21,1694576301,1.8,233.953
2023-09-13 05:38:23,1694576303,1.7,234.422
2023-09-13 05:38:24,1694576304,0.7,234.766
2023-09-13 05:38:25,1694576305,0.7,235.109
2023-09-13 05:38:26,1694576306,0.7,235.203
2023-09-13 05:38:27,1694576307,0.6,235.547
2023-09-13 05:38:28,1694576308,5.7,241.984
2023-09-13 05:38:29,1694576309,0.6,242.438
2023-09-13 05:38:30,1694576310,1.6,243.016
2023-09-13 05:38:31,1694576311,12.0,243.125
2023-09-13 05:38:32,1694576312,2.4,243.594
2023-09-13 05:38:33,1694576313,29.7,247.094
2023-09-13 05:38:34,1694576314,4.4,247.328
2023-09-13 05:38:35,1694576316,2.7,247.766
2023-09-13 05:38:37,1694576317,1.3,248.109
2023-09-13 05:38:38,1694576318,0.8,249.031
2023-09-13 05:38:39,1694576319,1.3,250.453
2023-09-13 05:38:40,1694576320,1.3,252
2023-09-13 05:38:41,1694576321,0.6,252.75
2023-09-13 05:38:42,1694576322,0.7,254.109
2023-09-13 05:38:43,1694576323,0.7,255.516
2023-09-13 05:38:44,1694576324,1.3,256.875
2023-09-13 05:38:45,1694576325,3.3,258.812
2023-09-13 05:38:46,1694576326,1.7,260.891
2023-09-13 05:38:47,1694576327,1.3,262.297
2023-09-13 05:38:48,1694576328,2.9,263.688
2023-09-13 05:38:50,1694576330,1.3,264.469
2023-09-13 05:38:51,1694576331,1.7,265.938
2023-09-13 05:38:52,1694576332,1.1,267.406
2023-09-13 05:38:53,1694576333,1.2,268.844
2023-09-13 05:38:54,1694576334,1.0,270.297
2023-09-13 05:38:55,1694576335,0.9,271.797
2023-09-13 05:38:56,1694576336,0.8,273.25
2023-09-13 05:38:57,1694576337,0.8,274.703
2023-09-13 05:38:58,1694576338,0.8,276.188
2023-09-13 05:38:59,1694576339,2.6,279.156
2023-09-13 05:39:00,1694576340,0.8,280.781
2023-09-13 05:39:01,1694576341,4.2,282.328
2023-09-13 05:39:03,1694576343,3.0,283.797
2023-09-13 05:39:04,1694576344,3.9,285.328
2023-09-13 05:39:05,1694576345,2.5,286.891
2023-09-13 05:39:06,1694576346,2.2,288.438
2023-09-13 05:39:07,1694576347,1.3,289.953
2023-09-13 05:39:08,1694576348,0.9,291.469
2023-09-13 05:39:09,1694576349,1.5,293.031
2023-09-13 05:39:10,1694576350,0.8,294.562
2023-09-13 05:39:11,1694576351,0.7,296.109
2023-09-13 05:39:12,1694576352,0.7,313.391
2023-09-13 05:39:13,1694576353,0.7,313.766
2023-09-13 05:39:14,1694576354,8.7,314.375
2023-09-13 05:39:16,1694576356,5.7,314.5
2023-09-13 05:39:17,1694576357,2.7,314.609
2023-09-13 05:39:18,1694576358,2.2,314.703
2023-09-13 05:39:19,1694576359,2.9,314.953
2023-09-13 05:39:20,1694576360,1.6,315.312
2023-09-13 05:39:21,1694576361,1.4,315.406
2023-09-13 05:39:22,1694576362,0.9,315.672
2023-09-13 05:39:23,1694576363,0.7,315.781
2023-09-13 05:39:24,1694576364,0.8,315.891
2023-09-13 05:39:25,1694576365,0.9,316
2023-09-13 05:39:26,1694576366,1.2,316.125
2023-09-13 05:39:27,1694576367,0.5,316.312
2023-09-13 05:39:29,1694576369,2.4,316.422
2023-09-13 05:39:30,1694576370,4.4,316.516
2023-09-13 05:39:31,1694576371,3.4,316.672
2023-09-13 05:39:32,1694576372,2.7,316.781
2023-09-13 05:39:33,1694576373,2.3,316.875
2023-09-13 05:39:34,1694576374,3.1,317.016
2023-09-13 05:39:35,1694576375,1.4,317.109
2023-09-13 05:39:36,1694576376,1.2,317.203
2023-09-13 05:39:37,1694576377,0.7,317.297
2023-09-13 05:39:38,1694576378,0.7,317.406
2023-09-13 05:39:39,1694576379,0.6,317.5
2023-09-13 05:39:40,1694576380,0.5,317.703
2023-09-13 05:39:42,1694576382,0.5,317.797
2023-09-13 05:39:43,1694576383,2.9,317.906
2023-09-13 05:39:44,1694576384,1.9,318.016
2023-09-13 05:39:45,1694576385,3.2,318.109
2023-09-13 05:39:46,1694576386,2.6,318.266
2023-09-13 05:39:47,1694576387,2.1,318.359
2023-09-13 05:39:48,1694576388,1.4,318.484
2023-09-13 05:39:49,1694576389,1.3,318.578
2023-09-13 05:39:50,1694576390,1.3,318.688
2023-09-13 05:39:51,1694576391,0.9,318.781
2023-09-13 05:39:52,1694576392,0.7,318.891
2023-09-13 05:39:53,1694576393,0.5,319.031
2023-09-13 05:39:55,1694576395,0.5,319.25
2023-09-13 05:39:56,1694576396,0.5,319.344
2023-09-13 05:39:57,1694576397,2.5,319.438
2023-09-13 05:39:58,1694576398,7.4,319.562
2023-09-13 05:39:59,1694576399,2.2,319.672
2023-09-13 05:40:00,1694576400,1.9,319.781
2023-09-13 05:40:01,1694576401,1.8,319.875
2023-09-13 05:40:02,1694576402,1.4,319.969
2023-09-13 05:40:03,1694576403,1.4,320.094
2023-09-13 05:40:04,1694576404,2.1,320.25
2023-09-13 05:40:05,1694576405,1.4,320.484
2023-09-13 05:40:06,1694576406,0.7,320.594
2023-09-13 05:40:07,1694576407,0.7,320.688
2023-09-13 05:40:09,1694576409,1.6,321.125
2023-09-13 05:40:10,1694576410,0.5,321.547
2023-09-13 05:40:11,1694576411,2.4,321.641
2023-09-13 05:40:12,1694576412,6.7,321.734
2023-09-13 05:40:13,1694576413,4.6,321.828
2023-09-13 05:40:14,1694576414,2.4,321.922
2023-09-13 05:40:15,1694576415,2.3,322.016
2023-09-13 05:40:16,1694576416,1.4,322.203
2023-09-13 05:40:17,1694576417,2.7,322.953
2023-09-13 05:40:18,1694576418,1.4,323.203
2023-09-13 05:40:19,1694576419,0.9,323.422
2023-09-13 05:40:20,1694576420,0.7,323.625
2023-09-13 05:40:22,1694576422,0.4,323.75
2023-09-13 05:40:23,1694576423,0.6,324.234
2023-09-13 05:40:24,1694576424,0.6,324.344
2023-09-13 05:40:25,1694576425,20.7,331.875
2023-09-13 05:40:26,1694576426,7.1,332.078
2023-09-13 05:40:27,1694576427,3.6,332.188
2023-09-13 05:40:28,1694576428,2.5,332.281
2023-09-13 05:40:29,1694576429,2.3,332.5
2023-09-13 05:40:30,1694576430,1.8,332.609
2023-09-13 05:40:31,1694576431,1.3,332.75
2023-09-13 05:40:32,1694576432,1.4,332.953
2023-09-13 05:40:33,1694576433,1.3,333.078
2023-09-13 05:40:34,1694576435,5.4,333.203
2023-09-13 05:40:36,1694576436,0.8,333.328
2023-09-13 05:40:37,1694576437,0.5,333.531
2023-09-13 05:40:38,1694576438,7.0,333.641
2023-09-13 05:40:39,1694576439,3.4,333.734
2023-09-13 05:40:40,1694576440,7.3,333.828
2023-09-13 05:40:41,1694576441,3.4,333.922
2023-09-13 05:40:42,1694576442,4.2,334.016
2023-09-13 05:40:43,1694576443,2.8,334.141
2023-09-13 05:40:44,1694576444,1.9,334.234
2023-09-13 05:40:45,1694576445,2.0,334.328
2023-09-13 05:40:46,1694576446,0.9,334.438
2023-09-13 05:40:48,1694576448,1.9,334.578
2023-09-13 05:40:49,1694576449,0.5,334.703
2023-09-13 05:40:50,1694576450,0.5,334.797
2023-09-13 05:40:51,1694576451,6.5,334.984
2023-09-13 05:40:52,1694576452,2.0,335.078
2023-09-13 05:40:53,1694576453,8.1,335.188
2023-09-13 05:40:54,1694576454,5.1,335.281
2023-09-13 05:40:55,1694576455,2.9,335.391
2023-09-13 05:40:56,1694576456,4.1,335.484
2023-09-13 05:40:57,1694576457,2.3,335.641
2023-09-13 05:40:58,1694576458,1.9,335.734
2023-09-13 05:40:59,1694576459,1.6,335.844
2023-09-13 05:41:00,1694576460,1.4,336.5
2023-09-13 05:41:02,1694576462,2.0,336.625
2023-09-13 05:41:03,1694576463,0.5,336.719
2023-09-13 05:41:04,1694576464,0.8,336.812
2023-09-13 05:41:05,1694576465,1.5,337.016
2023-09-13 05:41:06,1694576466,2.4,337.109
2023-09-13 05:41:07,1694576467,2.9,337.234
2023-09-13 05:41:08,1694576468,2.8,337.328
2023-09-13 05:41:09,1694576469,3.2,337.5
2023-09-13 05:41:10,1694576470,6.7,337.641
2023-09-13 05:41:11,1694576471,2.0,337.734
2023-09-13 05:41:12,1694576472,1.6,337.828
2023-09-13 05:41:13,1694576473,1.2,337.922
2023-09-13 05:41:15,1694576475,1.3,338.016
2023-09-13 05:41:16,1694576476,1.0,338.109
2023-09-13 05:41:17,1694576477,0.6,338.203
2023-09-13 05:41:18,1694576478,0.9,338.297
2023-09-13 05:41:19,1694576479,0.5,338.5
2023-09-13 05:41:20,1694576480,2.5,338.594
2023-09-13 05:41:21,1694576481,5.5,338.688
2023-09-13 05:41:22,1694576482,4.6,338.781
2023-09-13 05:41:23,1694576483,3.6,338.875
2023-09-13 05:41:24,1694576484,3.0,338.969
2023-09-13 05:41:25,1694576485,9.0,341.312
2023-09-13 05:41:26,1694576486,1.3,341.406
2023-09-13 05:41:28,1694576488,1.6,341.531
2023-09-13 05:41:29,1694576489,1.5,350.156
2023-09-13 05:41:30,1694576490,1.1,350.312
2023-09-13 05:41:31,1694576491,0.8,350.484
2023-09-13 05:41:32,1694576492,5.2,350.734
2023-09-13 05:41:33,1694576493,0.6,350.969
2023-09-13 05:41:34,1694576494,3.2,351.078
2023-09-13 05:41:35,1694576495,1.8,351.172
2023-09-13 05:41:36,1694576496,7.0,351.281
2023-09-13 05:41:37,1694576497,3.3,351.375
2023-09-13 05:41:38,1694576498,2.5,351.469
2023-09-13 05:41:39,1694576499,1.5,351.578
2023-09-13 05:41:41,1694576501,1.4,351.672
2023-09-13 05:41:42,1694576502,1.5,351.766
2023-09-13 05:41:43,1694576503,1.1,351.859
2023-09-13 05:41:44,1694576504,0.9,351.953
2023-09-13 05:41:45,1694576505,0.7,352.047
2023-09-13 05:41:46,1694576506,0.6,352.141
2023-09-13 05:41:47,1694576507,0.8,352.344
2023-09-13 05:41:48,1694576508,12.1,352.453
2023-09-13 05:41:49,1694576509,5.6,352.547
2023-09-13 05:41:50,1694576510,3.6,352.641
2023-09-13 05:41:51,1694576511,2.5,352.734
2023-09-13 05:41:52,1694576512,2.2,352.828
2023-09-13 05:41:54,1694576514,2.3,354.359
2023-09-13 05:41:55,1694576515,2.1,354.453
2023-09-13 05:41:56,1694576516,1.1,354.578
2023-09-13 05:41:57,1694576517,1.1,354.719
2023-09-13 05:41:58,1694576518,1.0,354.828
2023-09-13 05:41:59,1694576519,0.8,354.922
2023-09-13 05:42:00,1694576520,0.6,355.109
2023-09-13 05:42:01,1694576521,3.5,355.234
2023-09-13 05:42:02,1694576522,6.1,355.328
2023-09-13 05:42:03,1694576523,3.6,355.422
2023-09-13 05:42:04,1694576524,3.8,355.516
2023-09-13 05:42:05,1694576525,7.6,355.984
2023-09-13 05:42:07,1694576527,2.1,356.078
2023-09-13 05:42:08,1694576528,2.7,356.188
2023-09-13 05:42:09,1694576529,1.1,356.312
2023-09-13 05:42:10,1694576530,1.2,356.406
2023-09-13 05:42:11,1694576531,1.0,356.516
2023-09-13 05:42:12,1694576532,1.0,356.641
2023-09-13 05:42:13,1694576533,0.6,356.781
2023-09-13 05:42:14,1694576534,0.5,357.031
2023-09-13 05:42:15,1694576535,6.7,357.125
2023-09-13 05:42:16,1694576536,4.3,357.234
2023-09-13 05:42:17,1694576537,5.4,357.328
2023-09-13 05:42:18,1694576538,3.5,357.422
2023-09-13 05:42:19,1694576539,2.5,357.531
2023-09-13 05:42:21,1694576541,1.8,357.641
2023-09-13 05:42:22,1694576542,2.1,357.734
2023-09-13 05:42:23,1694576543,1.9,357.828
2023-09-13 05:42:24,1694576544,1.2,357.922
2023-09-13 05:42:25,1694576545,0.5,358.016
2023-09-13 05:42:26,1694576546,0.6,358.109
2023-09-13 05:42:27,1694576547,0.7,358.312
2023-09-13 05:42:28,1694576548,0.8,358.531
2023-09-13 05:42:29,1694576549,2.4,358.641
2023-09-13 05:42:30,1694576550,2.7,358.734
2023-09-13 05:42:31,1694576551,3.0,358.828
2023-09-13 05:42:32,1694576552,2.6,358.922
2023-09-13 05:42:34,1694576554,3.6,359.016
2023-09-13 05:42:35,1694576555,2.4,359.109
2023-09-13 05:42:36,1694576556,2.4,359.203
2023-09-13 05:42:37,1694576557,1.5,359.297
2023-09-13 05:42:38,1694576558,1.1,359.406
2023-09-13 05:42:39,1694576559,1.1,359.5
2023-09-13 05:42:40,1694576560,1.0,359.625
2023-09-13 05:42:41,1694576561,0.7,359.734
2023-09-13 05:42:42,1694576562,0.7,359.922
2023-09-13 05:42:43,1694576563,11.3,360.047
2023-09-13 05:42:44,1694576564,3.6,360.141
2023-09-13 05:42:45,1694576565,5.5,360.234
2023-09-13 05:42:47,1694576567,3.7,360.328
2023-09-13 05:42:48,1694576568,5.2,360.438
2023-09-13 05:42:49,1694576569,1.6,360.531
2023-09-13 05:42:50,1694576570,1.9,360.641
2023-09-13 05:42:51,1694576571,1.6,360.734
2023-09-13 05:42:52,1694576572,1.0,360.828
2023-09-13 05:42:53,1694576573,1.5,360.922
2023-09-13 05:42:54,1694576574,0.7,361.016
2023-09-13 05:42:55,1694576575,3.6,361.141
2023-09-13 05:42:56,1694576576,0.8,361.328
2023-09-13 05:42:57,1694576577,2.1,361.422
2023-09-13 05:42:58,1694576578,6.0,361.516
2023-09-13 05:43:00,1694576580,4.0,361.609
2023-09-13 05:43:01,1694576581,3.6,361.703
2023-09-13 05:43:02,1694576582,3.9,361.797
2023-09-13 05:43:03,1694576583,2.0,361.891
2023-09-13 05:43:04,1694576584,1.7,362
2023-09-13 05:43:05,1694576585,1.7,362.094
2023-09-13 05:43:06,1694576586,1.5,362.203
2023-09-13 05:43:07,1694576587,0.6,362.312
2023-09-13 05:43:08,1694576588,1.0,362.422
2023-09-13 05:43:09,1694576589,0.5,362.625
2023-09-13 05:43:10,1694576590,2.7,362.719
2023-09-13 05:43:12,1694576592,3.4,362.812
2023-09-13 05:43:13,1694576593,6.1,362.938
2023-09-13 05:43:14,1694576594,4.6,363.031
2023-09-13 05:43:15,1694576595,5.7,363.125
2023-09-13 05:43:16,1694576596,2.8,363.219
2023-09-13 05:43:17,1694576597,1.6,363.312
2023-09-13 05:43:18,1694576598,2.7,363.562
2023-09-13 05:43:19,1694576599,0.9,363.656
2023-09-13 05:43:20,1694576600,1.7,369.094
2023-09-13 05:43:21,1694576601,1.0,369.188
2023-09-13 05:43:22,1694576602,1.0,369.281
2023-09-13 05:43:23,1694576603,2.4,369.469
2023-09-13 05:43:25,1694576605,2.8,369.562
2023-09-13 05:43:26,1694576606,1.6,369.656
2023-09-13 05:43:27,1694576607,4.1,369.766
2023-09-13 05:43:28,1694576608,3.7,369.859
2023-09-13 05:43:29,1694576609,4.2,369.969
2023-09-13 05:43:30,1694576610,2.7,370.062
2023-09-13 05:43:31,1694576611,1.8,370.156
2023-09-13 05:43:32,1694576612,1.6,370.25
2023-09-13 05:43:33,1694576613,1.3,370.344
2023-09-13 05:43:34,1694576614,1.1,370.438
2023-09-13 05:43:35,1694576615,1.2,370.531
2023-09-13 05:43:37,1694576617,0.6,370.734
2023-09-13 05:43:38,1694576618,2.4,370.828
2023-09-13 05:43:39,1694576619,2.3,370.922
2023-09-13 05:43:40,1694576620,2.0,371.016
2023-09-13 05:43:41,1694576621,3.1,371.109
2023-09-13 05:43:42,1694576622,5.9,371.219
2023-09-13 05:43:43,1694576623,2.4,371.312
2023-09-13 05:43:44,1694576624,2.5,371.406
2023-09-13 05:43:45,1694576625,1.7,371.5
2023-09-13 05:43:46,1694576626,1.2,371.594
2023-09-13 05:43:47,1694576627,1.2,371.703
2023-09-13 05:43:49,1694576629,0.6,371.797
2023-09-13 05:43:50,1694576630,0.9,371.891
2023-09-13 05:43:51,1694576631,2.4,372.125
2023-09-13 05:43:52,1694576632,3.0,372.219
2023-09-13 05:43:53,1694576633,3.8,372.312
2023-09-13 05:43:54,1694576634,1.4,372.406
2023-09-13 05:43:55,1694576636,1.5,372.5
2023-09-13 05:43:57,1694576637,1.1,372.594
2023-09-13 05:43:58,1694576638,1.0,372.703
2023-09-13 05:43:59,1694576639,5.2,372.922
2023-09-13 05:44:00,1694576640,1.6,373.031
2023-09-13 05:44:01,1694576641,0.9,373.125
2023-09-13 05:44:02,1694576642,3.7,373.234
2023-09-13 05:44:03,1694576643,2.4,373.328
2023-09-13 05:44:04,1694576644,3.7,373.438
2023-09-13 05:44:05,1694576645,2.0,373.531
2023-09-13 05:44:06,1694576646,1.4,373.625
2023-09-13 05:44:08,1694576648,1.1,373.719
2023-09-13 05:44:09,1694576649,1.2,373.812
2023-09-13 05:44:10,1694576650,1.1,373.922
2023-09-13 05:44:11,1694576651,1.1,378.719
2023-09-13 05:44:12,1694576652,0.9,378.812
2023-09-13 05:44:13,1694576653,7.2,378.922
2023-09-13 05:44:14,1694576654,4.3,379.016
2023-09-13 05:44:15,1694576655,4.4,379.219
2023-09-13 05:44:16,1694576656,4.2,379.312
2023-09-13 05:44:17,1694576657,1.9,379.406
2023-09-13 05:44:18,1694576658,2.0,379.5
2023-09-13 05:44:20,1694576660,1.5,379.594
2023-09-13 05:44:21,1694576661,0.9,379.688
2023-09-13 05:44:22,1694576662,0.9,379.844
2023-09-13 05:44:23,1694576663,0.8,380.109
2023-09-13 05:44:24,1694576664,0.9,380.297
2023-09-13 05:44:25,1694576665,2.4,380.391
2023-09-13 05:44:26,1694576666,2.4,380.484
2023-09-13 05:44:27,1694576667,1.5,380.578
2023-09-13 05:44:28,1694576668,3.8,380.672
2023-09-13 05:44:29,1694576669,3.8,380.766
2023-09-13 05:44:30,1694576670,3.7,380.875
2023-09-13 05:44:31,1694576671,2.7,380.969
2023-09-13 05:44:33,1694576673,1.9,381.078
2023-09-13 05:44:34,1694576674,1.6,381.188
2023-09-13 05:44:35,1694576675,1.1,381.297
2023-09-13 05:44:36,1694576676,0.9,381.391
2023-09-13 05:44:37,1694576677,0.7,381.5
2023-09-13 05:44:38,1694576678,0.7,381.688
2023-09-13 05:44:39,1694576679,7.8,381.797
2023-09-13 05:44:40,1694576680,2.6,381.891
2023-09-13 05:44:41,1694576681,6.6,381.984
2023-09-13 05:44:42,1694576682,4.7,382.078
2023-09-13 05:44:43,1694576683,4.1,382.172
2023-09-13 05:44:45,1694576685,2.9,382.281
2023-09-13 05:44:46,1694576686,2.5,382.375
2023-09-13 05:44:47,1694576687,1.9,382.484
2023-09-13 05:44:48,1694576688,1.1,382.578
2023-09-13 05:44:49,1694576689,0.7,382.688
2023-09-13 05:44:50,1694576690,0.9,382.781
2023-09-13 05:44:51,1694576691,0.5,382.969
2023-09-13 05:44:52,1694576692,7.2,383.062
2023-09-13 05:44:53,1694576693,5.4,383.172
2023-09-13 05:44:54,1694576694,6.0,383.266
2023-09-13 05:44:55,1694576695,5.4,383.359
2023-09-13 05:44:57,1694576697,10.5,387.953
2023-09-13 05:44:58,1694576698,4.2,388.047
2023-09-13 05:44:59,1694576699,1.6,388.141
2023-09-13 05:45:00,1694576700,1.6,388.234
2023-09-13 05:45:01,1694576701,1.4,388.422
2023-09-13 05:45:02,1694576702,1.3,388.547
2023-09-13 05:45:03,1694576703,1.1,388.641
2023-09-13 05:45:04,1694576704,1.0,388.859
2023-09-13 05:45:05,1694576705,2.8,388.953
2023-09-13 05:45:06,1694576706,2.4,389.062
2023-09-13 05:45:07,1694576707,4.6,389.156
2023-09-13 05:45:09,1694576709,4.2,389.25
2023-09-13 05:45:10,1694576710,4.3,389.344
2023-09-13 05:45:11,1694576711,1.8,389.547
2023-09-13 05:45:12,1694576712,2.2,389.641
2023-09-13 05:45:13,1694576713,1.9,389.734
2023-09-13 05:45:14,1694576714,1.0,389.828
2023-09-13 05:45:15,1694576715,1.2,389.922
2023-09-13 05:45:16,1694576716,1.1,390.016
2023-09-13 05:45:17,1694576717,1.0,390.109
2023-09-13 05:45:18,1694576718,2.7,390.312
2023-09-13 05:45:19,1694576719,2.9,390.406
2023-09-13 05:45:21,1694576721,1.7,390.5
2023-09-13 05:45:22,1694576722,4.9,390.594
2023-09-13 05:45:23,1694576723,4.4,390.703
2023-09-13 05:45:24,1694576724,4.5,390.797
2023-09-13 05:45:25,1694576725,2.8,390.891
2023-09-13 05:45:26,1694576726,2.1,390.984
2023-09-13 05:45:27,1694576727,1.8,391.125
2023-09-13 05:45:28,1694576728,1.4,391.219
2023-09-13 05:45:29,1694576729,1.3,391.344
2023-09-13 05:45:30,1694576730,0.8,391.438
2023-09-13 05:45:31,1694576731,1.1,391.625
2023-09-13 05:45:32,1694576732,6.5,391.734
2023-09-13 05:45:34,1694576734,8.0,391.891
2023-09-13 05:45:35,1694576735,2.1,391.984
2023-09-13 05:45:36,1694576736,4.6,392.094
2023-09-13 05:45:37,1694576737,3.7,392.188
2023-09-13 05:45:38,1694576738,2.9,392.281
2023-09-13 05:45:39,1694576739,1.1,392.375
2023-09-13 05:45:40,1694576740,1.5,392.469
2023-09-13 05:45:41,1694576741,1.4,392.562
2023-09-13 05:45:42,1694576742,1.4,392.672
2023-09-13 05:45:43,1694576743,0.7,396.531
2023-09-13 05:45:44,1694576744,0.9,396.625
2023-09-13 05:45:46,1694576746,0.6,396.812
2023-09-13 05:45:47,1694576747,7.8,396.906
2023-09-13 05:45:48,1694576748,10.4,397.031
2023-09-13 05:45:49,1694576749,8.2,397.141
2023-09-13 05:45:50,1694576750,5.4,397.25
2023-09-13 05:45:51,1694576751,2.2,397.344
2023-09-13 05:45:52,1694576752,3.1,397.438
2023-09-13 05:45:53,1694576753,2.4,397.531
2023-09-13 05:45:54,1694576754,1.3,397.625
2023-09-13 05:45:55,1694576755,1.5,397.719
2023-09-13 05:45:56,1694576756,1.3,397.828
2023-09-13 05:45:58,1694576758,1.2,397.922
2023-09-13 05:45:59,1694576759,0.9,398.109
2023-09-13 05:46:00,1694576760,2.8,398.203
2023-09-13 05:46:01,1694576761,2.9,398.297
2023-09-13 05:46:02,1694576762,5.4,398.391
2023-09-13 05:46:03,1694576763,4.3,398.484
2023-09-13 05:46:04,1694576764,3.9,398.594
2023-09-13 05:46:05,1694576765,2.0,398.688
2023-09-13 05:46:06,1694576766,2.1,398.781
2023-09-13 05:46:07,1694576767,1.7,398.891
2023-09-13 05:46:08,1694576768,1.5,398.984
2023-09-13 05:46:10,1694576770,1.3,399.078
2023-09-13 05:46:11,1694576771,0.9,399.172
2023-09-13 05:46:12,1694576772,2.5,399.375
2023-09-13 05:46:13,1694576773,3.1,399.469
2023-09-13 05:46:14,1694576774,4.7,399.562
2023-09-13 05:46:15,1694576775,1.6,399.656
2023-09-13 05:46:16,1694576776,5.7,400.094
2023-09-13 05:46:17,1694576777,3.2,400.188
2023-09-13 05:46:18,1694576778,3.2,400.281
2023-09-13 05:46:19,1694576779,2.6,400.375
2023-09-13 05:46:20,1694576780,1.3,400.469
2023-09-13 05:46:21,1694576781,1.4,400.562
2023-09-13 05:46:23,1694576783,1.8,400.656
2023-09-13 05:46:24,1694576784,2.5,400.797
2023-09-13 05:46:25,1694576785,0.7,400.984
2023-09-13 05:46:26,1694576786,2.8,401.094
2023-09-13 05:46:27,1694576787,6.5,401.203
2023-09-13 05:46:28,1694576788,1.3,401.297
2023-09-13 05:46:29,1694576789,4.7,401.391
2023-09-13 05:46:30,1694576790,3.0,401.484
2023-09-13 05:46:31,1694576791,3.7,401.641
2023-09-13 05:46:32,1694576792,2.7,401.734
2023-09-13 05:46:33,1694576793,1.4,401.828
